,Log_binding
1618,5.67
323,6.91
61,7.61
1483,7.77
1856,4.1
348,5.22
1629,4.62
2690,7.48
950,10.7
4294,7.29
90,6.48
3253,4.35
4370,9.7
3596,7.2
112,5.61
2096,4.63
127,9.0
3836,8.19
3050,5.55
385,7.35
4015,4.8
4994,9.64
2128,9.0
953,6.43
4139,6.34
4877,5.96
3134,7.49
4892,7.62
3283,7.84
2546,9.1
2074,4.55
4123,2.21
839,4.22
3868,8.27
743,5.85
2999,10.33
4673,6.59
2461,3.87
3208,6.5
4168,4.12
3262,8.55
817,5.7
3788,7.85
1212,6.64
57,6.12
121,3.3
4689,6.3
3500,5.04
2585,6.82
3173,5.18
4096,6.74
1453,5.21
5204,7.8
5065,11.3
976,7.7
1599,5.4
1667,4.6
199,9.15
2584,5.89
1683,4.73
4045,4.68
2163,8.22
2055,7.24
4909,4.22
1916,10.26
2182,3.1
3247,5.4
3082,4.0
4921,4.53
3587,5.39
251,5.1
1405,3.84
2173,4.69
330,6.12
1186,7.2
2776,7.68
2264,6.4
643,6.09
897,6.78
2860,5.89
4411,4.92
4408,7.43
1992,7.52
597,4.1
446,6.1
4904,3.95
2378,9.41
2820,6.17
4549,10.0
5070,2.15
466,4.52
548,5.06
3022,11.15
1081,7.92
1050,7.63
3843,6.85
4416,7.3
2794,7.92
1847,9.1
3428,6.85
2879,4.5
2578,4.03
565,5.8
3492,4.3
1513,5.4
4398,2.92
4090,4.44
2970,10.37
5169,6.89
2029,9.93
4225,2.77
1609,3.0
2134,7.8
3830,2.32
2803,7.0
4736,6.31
1001,5.66
5145,3.12
1574,7.68
4759,10.65
2926,7.68
653,4.96
4926,5.38
1010,11.4
206,4.68
964,3.03
2482,6.02
3170,7.7
4999,6.89
4799,4.77
1996,5.85
391,7.06
2449,3.68
4751,4.99
3479,10.35
3934,9.0
5066,4.07
2196,4.86
3725,7.96
5149,10.57
231,9.41
2974,6.46
4512,6.67
1446,6.87
3594,3.66
1116,4.55
2265,5.23
4526,5.64
5223,6.62
3771,8.52
1361,4.28
490,4.62
2611,8.49
2872,5.25
1200,6.77
2127,5.35
2286,5.02
3424,6.62
2345,7.3
2781,6.62
4693,6.72
2092,3.15
815,8.64
4232,6.32
3673,7.7
1646,8.8
2204,8.82
3138,6.46
249,6.39
2883,5.7
1,5.92
4070,6.36
2186,3.0
2913,4.99
2199,5.12
5207,6.51
225,7.57
712,9.15
3530,3.25
4306,6.54
468,10.21
1454,8.33
4285,4.51
4036,5.04
934,7.4
4385,9.35
3782,6.7
1370,2.39
1068,10.62
3079,5.03
4991,8.18
4902,5.72
3335,2.64
5153,11.72
409,8.4
1660,8.3
1858,4.24
1772,6.76
1366,11.34
2710,6.11
3859,6.74
4366,6.22
4171,6.4
3307,3.66
2371,6.38
3719,7.26
3978,4.52
3204,6.33
4316,6.46
4560,7.72
1763,5.12
423,8.64
1791,9.22
3432,6.0
3714,7.7
3402,7.8
2289,7.55
1895,6.09
2683,8.48
2960,8.72
1497,4.25
3348,5.6
650,10.52
309,7.33
2534,3.98
1592,7.39
1047,7.82
2746,5.23
3483,6.08
3314,6.41
3803,5.96
2885,4.19
3182,3.82
3547,5.93
688,6.6
4359,4.49
4661,7.05
1665,9.22
2343,8.7
773,9.01
1809,7.93
365,8.15
5003,9.24
5075,8.52
5116,7.74
3488,4.43
2779,5.06
4940,9.05
5008,5.44
2397,3.07
4531,5.96
968,9.04
3119,4.3
842,9.4
1015,7.91
419,8.52
4970,6.72
284,8.12
362,6.41
4075,7.74
1402,8.26
2151,6.96
1372,4.84
2035,5.92
3790,5.41
3048,5.07
2011,4.52
2932,4.64
948,5.62
738,6.51
4669,6.6
2681,7.69
2764,8.22
5214,7.57
1766,6.0
5240,7.08
3090,5.72
473,4.47
3053,6.7
2577,5.85
4202,2.12
3088,6.25
5058,6.38
4190,4.4
1261,3.43
4423,7.63
525,6.21
5239,6.44
2392,11.22
3375,6.52
4565,6.7
2922,2.49
4517,5.6
1338,7.68
4152,8.15
4989,5.14
1640,6.54
56,6.55
2745,9.08
3832,4.0
3861,7.7
5166,7.13
4077,6.89
3528,5.25
3855,5.3
669,3.6
613,5.88
2579,9.77
1737,7.32
4506,5.49
835,5.23
1143,6.42
3011,3.15
248,3.54
3271,4.55
1588,4.35
2851,4.59
3663,9.4
4844,7.52
4245,5.44
832,6.08
3935,7.23
3848,6.45
4039,6.15
833,3.35
554,6.51
757,5.15
4754,6.1
3235,7.57
4450,11.28
1886,8.96
530,7.22
3842,10.82
4637,5.8
909,3.6
1542,5.1
311,4.2
4005,8.77
595,8.96
2563,7.82
98,6.11
702,7.55
4192,9.78
1123,7.1
2545,4.52
3190,10.77
4191,8.72
3629,6.82
697,3.95
3783,2.36
2057,7.77
2726,6.57
4432,2.82
4995,6.51
2643,5.07
1524,5.92
415,6.72
106,8.15
3911,8.87
1633,4.52
4390,7.82
993,7.8
4274,3.79
4284,6.4
3396,6.37
6,8.0
1125,4.02
3192,6.0
1993,9.48
1167,7.52
239,9.0
1014,7.44
4599,5.07
1294,6.97
465,8.0
2815,4.8
3249,4.85
1104,6.51
3923,7.52
1520,5.95
2568,3.95
638,7.3
2256,3.7
2749,9.1
1818,9.08
1951,5.0
4690,5.4
2630,3.13
4665,5.0
4830,4.33
1832,9.42
580,5.51
2750,9.92
2719,7.4
4397,3.95
4849,10.07
3248,8.49
4315,8.89
3957,5.05
3726,6.54
4615,6.58
1507,8.09
4291,5.76
1721,6.96
494,8.63
2648,7.48
3825,6.88
768,2.89
3212,5.7
995,3.82
2143,7.3
246,5.7
4446,7.72
4184,5.07
1581,7.77
4809,5.7
1208,6.47
1096,6.36
2213,7.04
1775,3.0
4335,8.11
4193,5.82
5185,4.91
3351,4.68
4303,4.71
4336,5.34
4756,5.92
3312,3.3
820,5.8
2168,8.4
1987,7.14
2115,4.82
2811,4.51
2857,7.72
214,3.96
4067,8.0
4172,2.0
3072,9.8
3449,4.54
444,5.92
3890,4.47
5107,7.62
1914,8.11
3884,8.1
3697,7.96
357,3.89
276,8.32
3342,7.62
762,5.63
1601,7.0
604,5.46
4445,5.13
4399,6.62
399,6.82
2547,5.85
1799,7.1
3538,2.77
641,8.61
3888,8.91
3098,5.74
4862,6.41
3477,7.0
321,8.7
4008,8.22
4495,4.1
247,6.68
1600,7.28
2712,7.28
383,8.15
2904,7.92
3466,6.22
132,5.11
2787,6.36
1008,8.52
511,10.6
2564,3.7
4223,4.66
4675,7.78
753,3.46
5162,4.92
2294,10.85
2685,8.48
2181,8.24
2034,6.6
752,5.4
3656,4.59
4270,7.64
3800,3.23
3046,9.65
862,6.89
137,3.9
1988,7.02
1707,5.44
5218,6.12
3912,6.74
520,6.7
1739,8.57
4061,2.59
2018,6.76
371,7.0
198,5.7
4494,6.28
5076,8.66
4679,4.01
4034,5.01
426,6.43
2437,9.39
2056,7.36
3740,11.42
1110,3.72
3791,5.59
1164,6.39
5200,5.3
4576,10.82
4220,4.0
4784,3.47
4112,8.0
450,8.64
2620,8.01
1475,3.6
2689,2.96
1018,4.68
2667,5.22
1229,7.32
2694,6.82
3627,6.3
4649,3.77
517,6.28
3303,7.72
1319,5.34
464,10.52
2113,3.23
270,8.19
3689,7.24
878,6.7
836,6.0
4465,2.74
3598,3.39
3892,7.96
2562,4.5
2382,8.77
486,11.4
4268,6.92
1508,5.55
3655,2.85
1073,5.77
2493,3.51
1193,8.7
1740,7.4
1169,3.24
3427,4.45
425,5.7
4765,3.28
845,7.77
1813,7.4
3863,5.96
4733,6.52
4797,4.38
4349,7.34
3259,7.96
2231,5.7
1433,5.96
1535,4.31
1406,5.49
4778,3.94
68,8.6
189,7.37
2702,4.96
4347,9.7
2112,4.89
26,6.03
3373,9.19
555,8.05
3847,7.22
1323,6.77
3874,8.47
1210,9.15
3948,6.36
340,9.24
4040,5.12
705,4.75
4205,6.72
2388,10.18
3742,3.48
3982,7.0
1288,6.66
351,6.89
3268,8.8
3876,6.55
1841,8.62
3937,4.06
634,10.59
1927,3.65
4744,6.92
410,6.33
3414,7.44
1692,6.4
1536,7.47
4467,5.14
3023,7.23
1829,5.72
4153,6.95
243,8.01
1089,8.14
5004,3.89
528,5.38
1810,4.35
3924,9.3
957,3.62
4047,2.72
744,8.0
3918,5.12
5236,11.22
5155,4.0
4969,7.81
3130,5.4
4568,5.96
1306,6.08
2828,2.77
1307,6.41
3558,3.72
2215,2.24
4194,3.0
2961,7.32
2171,8.0
4516,7.84
4476,8.62
4847,8.57
4019,10.52
147,10.55
4124,7.55
266,8.9
1934,7.6
4267,6.6
4188,8.43
4855,6.49
3128,7.79
4660,6.77
3976,7.77
616,7.37
967,7.12
2964,3.49
389,4.07
2634,7.17
1953,7.77
1659,5.67
3637,7.1
3917,4.58
3531,9.1
4973,5.75
966,9.22
2724,9.07
3636,6.66
3972,6.99
115,6.39
4312,5.12
1792,6.63
3959,6.64
5042,8.07
2755,5.59
1152,7.28
984,5.21
1410,8.8
4436,5.85
1837,8.44
991,7.3
3448,8.17
2807,8.1
3074,5.39
1320,11.46
4761,6.1
4834,7.52
4656,6.87
3034,7.06
3901,7.09
2971,4.6
2791,4.42
2645,8.85
2846,8.0
3374,6.32
748,3.37
1263,2.98
1876,7.85
1918,4.42
463,4.07
4054,5.39
3061,6.6
406,8.0
1820,3.64
3295,3.1
5249,5.96
4538,6.37
1863,6.54
5136,6.82
461,6.82
782,5.38
3885,6.27
2122,5.57
5021,5.87
3739,6.44
3611,6.59
1848,5.29
3548,7.48
2465,7.15
2816,8.4
3,6.49
4544,7.24
4743,8.13
4461,6.27
7,7.89
2105,3.75
4537,7.33
5202,6.72
430,5.17
4879,7.82
52,5.77
2145,9.3
3302,3.52
3230,3.99
2257,7.3
4653,7.46
590,8.41
769,9.84
2739,7.48
4434,3.87
1216,6.42
9,6.64
3506,5.35
1796,5.2
576,8.43
5087,6.82
4831,2.21
1700,4.58
1133,4.8
4224,5.85
759,5.41
4773,7.66
5168,4.31
1470,8.35
1299,9.4
3956,4.95
3100,4.38
337,4.85
4169,3.23
1760,7.07
4752,5.62
3045,5.21
5152,5.12
1668,7.7
456,8.25
2351,5.15
4211,5.76
510,3.78
5019,7.57
577,6.89
1369,7.21
278,4.09
2991,6.6
2624,7.02
4730,3.68
707,8.11
183,7.05
1242,8.8
3408,5.85
1140,9.15
3979,6.3
2888,8.4
728,5.82
5006,5.49
2249,4.09
735,5.92
3185,10.16
5181,5.95
2677,2.0
2439,8.36
3597,4.85
2830,4.4
3021,7.54
3392,6.96
4916,5.97
3595,4.15
3998,8.52
829,3.93
1816,5.83
4319,8.27
2089,4.7
572,7.96
754,5.1
3475,6.1
4265,2.96
2933,5.31
667,5.74
269,8.82
2895,5.92
2930,5.55
936,8.37
2492,5.52
3645,6.66
1309,8.48
3834,11.8
5186,7.92
2084,10.44
1237,11.05
5233,5.11
5225,8.05
3872,4.33
4227,5.24
2433,9.68
624,5.18
838,7.26
3660,7.74
1209,7.89
1401,7.2
2558,3.67
5102,7.34
3774,4.68
3345,7.66
78,6.15
4145,5.2
4695,4.21
4208,8.0
3349,6.7
5056,3.97
586,8.66
745,8.7
1545,9.4
5025,4.51
1824,7.52
1165,7.66
2997,7.24
2254,4.19
4885,6.85
2052,4.56
1000,7.7
2709,8.7
2059,4.92
5134,6.15
893,3.93
3077,3.66
3711,7.37
2715,4.0
2314,5.96
3734,6.29
3705,6.65
1023,6.76
4179,5.24
2841,5.3
1351,4.54
240,7.56
4023,9.55
798,6.87
1950,11.11
4602,7.0
3778,7.0
3775,5.34
3929,8.59
4412,5.7
896,9.3
608,4.41
4113,5.02
3625,7.95
2042,11.32
1196,4.23
3941,6.72
1711,6.35
3904,6.62
165,9.07
506,4.71
5082,10.24
1750,3.7
85,4.7
1100,7.89
1779,5.56
294,7.12
2934,4.85
1738,7.34
583,6.07
5072,7.85
5208,7.19
1150,7.35
2246,8.05
405,8.74
1163,4.66
2396,4.4
2586,4.48
512,4.35
2135,7.96
2518,7.41
4295,7.95
2349,4.0
2338,5.19
973,4.7
1040,4.47
3426,10.3
503,6.28
2829,8.25
1185,3.71
3019,8.64
5211,6.93
94,2.26
901,7.21
4868,2.35
4545,7.85
3040,2.28
3063,2.68
316,7.8
3037,7.34
557,5.26
4600,7.34
472,7.24
75,7.14
3148,8.0
1773,2.98
2490,4.62
1203,6.6
5114,5.76
4717,10.17
2067,5.42
4289,5.68
1065,7.92
5033,5.43
4930,11.68
1555,8.55
3187,5.48
87,7.85
2469,6.31
5032,7.94
1930,8.85
3540,11.05
2452,7.24
2730,7.15
3804,8.49
3005,7.91
48,4.57
2377,3.24
2810,8.0
4325,10.11
2025,6.88
424,2.64
1587,8.19
3209,5.0
4997,3.22
4361,6.34
3817,4.49
3186,4.02
4658,7.4
1042,5.4
3441,7.21
4802,4.6
3420,8.6
514,6.82
4896,5.08
252,9.31
3750,5.35
3154,5.49
501,4.02
3030,7.18
1168,5.25
4141,7.43
850,4.66
3301,9.32
4764,4.33
5030,2.0
2889,6.36
2485,7.35
2848,3.32
2121,5.7
3816,6.06
109,6.68
1826,8.4
3405,7.47
4662,7.12
4131,8.85
3347,6.37
3067,4.49
2140,7.77
4417,5.74
34,4.2
209,5.85
2298,7.0
3513,4.8
2727,4.68
4571,6.68
866,5.74
598,4.85
2422,7.74
4334,5.63
2480,4.87
77,3.87
907,4.96
328,3.02
5024,7.85
298,6.19
2510,7.7
3460,8.11
4406,5.28
578,4.61
4118,5.81
4299,10.64
2863,4.03
3796,7.28
3795,5.6
2646,5.63
1223,8.27
1768,3.9
2024,6.68
763,7.2
310,4.22
2662,8.8
571,2.8
2468,8.24
2258,6.98
1097,7.77
1978,7.87
2548,8.02
1108,6.17
2221,3.6
2355,4.71
283,5.92
925,5.73
3076,7.8
731,7.82
4607,3.4
63,10.96
3684,7.77
5229,6.46
1255,4.28
1568,5.92
3042,3.15
3109,3.68
3197,6.0
4601,7.25
2684,5.77
4,5.4
422,10.74
2187,7.95
2241,6.38
566,6.41
4642,6.47
4711,9.09
3785,7.89
4960,5.68
617,6.46
2734,10.35
207,11.09
1333,4.61
184,8.7
3000,4.15
3773,10.92
979,5.15
1074,8.18
3784,4.54
1239,5.22
1643,5.11
1728,8.1
4013,6.82
1505,7.29
3822,4.23
2587,7.57
3647,6.28
3574,8.89
3908,3.6
2398,6.22
1308,5.68
443,8.57
3794,5.25
1038,8.7
1230,5.44
1871,6.37
4775,4.01
3381,8.0
622,6.96
631,8.17
1904,5.8
861,7.62
2045,3.98
4944,9.04
1233,6.4
2026,7.01
235,3.8
1127,7.8
1781,4.6
2593,3.47
3310,5.32
2110,8.3
2998,4.52
822,5.82
324,6.7
469,8.7
756,6.06
4816,5.96
2273,7.54
1085,9.0
4947,6.7
1145,8.96
3557,8.92
777,5.74
1762,3.3
3189,4.16
3818,5.04
3039,7.09
2556,6.24
2211,6.24
1695,4.3
1730,5.08
1285,6.09
1687,3.23
377,6.5
2472,4.09
560,7.6
3909,4.62
5059,7.74
1157,9.52
1855,6.57
4003,5.02
1041,9.49
2865,7.66
2858,6.15
3721,7.33
4297,3.04
4787,8.08
2376,7.7
3285,7.34
4430,2.96
1358,6.31
2488,5.54
146,6.02
1029,7.09
1735,7.95
3514,8.15
652,7.0
3702,2.63
3439,7.96
1952,11.06
4479,4.85
4433,9.4
4251,4.0
5115,6.08
5067,3.51
3525,6.9
5002,9.57
2359,8.52
1438,7.67
442,5.16
2804,8.23
4098,11.0
2978,9.22
3583,2.19
1101,6.35
3879,4.26
4551,6.16
538,8.11
3165,7.1
4659,8.96
1873,5.4
4542,8.27
4677,6.06
2874,6.49
3564,9.08
574,6.26
3473,5.55
3671,5.49
238,8.0
5099,6.85
3184,7.4
1476,3.6
3592,9.4
4320,7.16
2235,9.7
192,7.4
2651,11.7
3570,8.82
2365,4.13
1393,7.22
2621,5.03
4201,6.8
570,9.13
307,7.52
1031,4.31
2917,10.17
3722,7.13
3129,4.81
42,6.68
4942,5.99
5167,7.36
3650,7.8
3632,6.6
4890,5.98
2302,5.73
3455,5.24
929,4.4
1465,9.03
536,3.59
3715,6.54
1075,7.18
411,9.22
2561,7.62
326,9.12
1408,3.01
1957,3.76
4323,7.85
3524,7.0
1325,4.87
4298,8.19
360,5.68
1894,9.27
4860,5.28
4521,8.55
4612,5.24
3033,7.74
4138,6.46
790,3.2
2837,11.82
3762,6.89
2150,3.46
1583,11.07
4363,6.0
3305,8.7
1872,5.47
2642,4.09
811,7.36
980,5.14
908,6.72
5113,9.15
1340,4.54
4532,6.55
3309,6.05
1179,4.4
4961,5.65
2596,5.44
794,5.55
4384,7.24
3465,5.62
162,2.97
1093,4.6
3333,7.89
366,5.22
3545,4.89
1758,7.38
749,5.16
4886,6.71
4493,3.42
3808,5.77
1474,8.0
1078,5.11
2416,3.69
1736,5.4
2342,7.46
3716,6.05
1582,7.25
91,8.48
551,3.3
4760,6.54
1637,9.72
2528,8.4
3616,10.9
5131,3.34
2463,8.7
1267,7.62
2234,6.64
4447,6.29
3203,7.44
4880,7.59
2864,2.3
5128,7.3
3328,5.92
1207,3.72
2403,6.04
10,9.34
2613,3.28
3729,3.72
3330,3.68
5179,3.48
3828,5.39
4030,5.51
1939,7.41
2197,7.28
605,7.6
3085,3.88
4414,4.63
2379,8.55
1482,5.44
5209,6.44
3930,5.86
3360,7.1
4328,6.19
3377,7.15
1404,5.0
1734,6.29
2505,6.54
2833,3.34
730,4.1
871,5.46
2454,6.7
4757,7.74
2607,5.54
1765,10.82
1214,6.7
2657,7.36
3020,8.8
3717,7.28
3106,7.39
2212,6.82
4785,6.97
5088,4.3
3433,7.09
3681,6.01
5069,4.32
3869,3.85
972,4.25
2742,7.84
5016,4.85
2696,4.82
591,6.29
2703,7.12
750,8.19
3860,6.52
619,6.06
1274,4.46
2533,4.04
451,5.14
3747,5.97
928,5.66
4719,6.58
2914,7.17
4085,4.96
3318,9.01
1647,6.6
3767,5.46
242,6.62
875,5.11
3179,6.26
2733,7.0
2424,3.38
4519,7.08
1723,10.7
3362,8.0
3678,7.57
5057,7.49
1256,7.14
5080,7.44
4678,6.74
1650,3.81
3161,3.85
2233,4.6
3097,3.18
1901,5.22
874,4.46
529,7.62
4529,5.61
4164,6.3
865,6.51
1387,2.49
3120,6.58
539,4.24
156,9.17
4401,3.62
4917,5.42
4143,11.57
1617,3.4
5040,2.55
1262,6.17
4057,6.46
500,6.63
3631,7.57
3001,4.92
1882,3.34
4346,10.32
217,4.49
2102,4.7
4882,6.07
2506,9.4
2455,8.52
1843,7.5
1281,5.4
3920,6.86
4657,5.28
4260,8.35
1528,9.4
2316,3.33
2701,7.52
1999,7.44
1035,8.52
581,9.96
5023,4.0
3996,4.06
2369,11.57
3331,6.37
1500,4.97
3537,4.49
612,6.06
1529,5.89
3419,5.79
475,3.7
3824,6.7
2959,9.01
664,5.72
367,8.06
361,4.98
4209,6.05
5071,5.99
825,6.98
4558,3.6
3456,6.49
322,7.51
981,8.22
3258,6.7
716,3.32
4392,6.01
2411,2.0
620,4.61
2109,5.77
3327,7.22
4838,9.52
3273,5.09
256,3.68
1956,2.16
1559,7.36
2111,4.41
4845,3.9
4020,5.02
3638,4.82
182,6.3
4664,8.34
951,7.2
3706,6.92
1449,3.86
3527,7.17
3044,7.52
3181,8.05
3476,7.82
507,4.32
3365,3.71
356,7.95
1991,4.97
339,7.6
2228,5.91
3688,4.57
672,4.82
657,3.7
5063,2.8
4864,3.37
1746,4.47
2200,8.7
2753,7.06
4018,6.79
3484,5.22
3503,4.35
4106,3.32
4936,6.52
3896,5.85
3145,5.28
723,6.92
2415,6.78
1798,6.08
2401,8.7
3969,5.3
1331,4.7
3724,7.7
4442,6.28
2046,4.21
4617,6.62
3511,7.13
4440,7.85
778,4.14
567,7.19
4562,6.99
4735,5.05
3017,7.08
1421,7.62
919,5.03
1192,6.7
5120,5.92
129,4.89
5096,7.5
4853,8.54
1857,9.28
3232,4.19
4643,7.01
4563,8.82
1690,6.47
2193,6.48
3227,8.29
4283,7.7
2525,8.35
1890,7.45
2967,5.92
1586,9.21
4377,8.1
2580,2.65
2965,9.8
4604,4.12
1259,6.64
1286,6.74
4668,6.52
1260,7.16
2467,5.12
2619,2.17
81,4.38
1787,7.24
2582,2.48
2850,6.55
4956,7.21
2291,8.14
393,7.52
515,7.64
4865,6.35
550,5.32
607,9.19
2871,4.7
2384,9.4
2039,4.61
1002,6.33
3845,6.44
4824,4.28
1569,7.15
3459,4.68
2853,9.0
1160,3.19
2222,5.55
4627,4.43
3871,8.04
540,6.3
5092,10.22
4402,2.8
1431,7.76
1171,3.52
564,6.66
2530,6.52
2784,5.8
2267,4.19
3541,4.41
4726,6.44
4953,6.48
5034,6.82
2691,5.92
1819,5.48
4698,7.3
1061,6.0
4818,5.94
3238,4.36
4856,5.59
4029,5.59
937,3.52
1777,3.6
1419,8.51
2984,8.13
1797,6.49
3639,7.6
3692,6.2
711,10.68
1336,8.35
4793,6.89
4566,9.0
1632,6.4
2428,6.87
4725,5.34
5043,3.12
3821,3.1
4769,9.0
2941,7.43
3321,8.3
1437,2.74
2326,4.42
4458,10.17
2743,9.57
384,6.7
3554,5.24
2462,5.57
2436,7.46
4441,4.68
651,6.76
1849,8.62
96,6.05
1731,4.47
4938,6.29
3521,4.92
2670,11.92
2060,7.1
2838,3.14
4254,8.43
4115,3.55
3393,6.54
2956,8.05
4574,6.52
1749,2.7
2504,3.18
4706,4.1
3983,7.89
3144,6.4
274,7.36
1576,7.74
1685,4.6
4452,8.3
3423,7.73
687,2.23
2426,2.52
4696,3.42
1025,4.55
2801,7.19
1376,6.46
3523,3.42
2387,6.0
2606,8.3
1874,3.66
1435,5.51
1547,4.3
2041,6.94
3369,7.89
3188,8.22
286,5.24
5190,6.02
4781,6.48
1785,5.15
4605,6.85
4182,7.03
2007,6.17
3634,10.3
1912,9.07
433,4.7
1898,9.4
2774,4.95
2906,4.79
3887,5.64
4680,5.66
4883,2.92
3491,4.12
1625,6.44
493,5.21
1290,5.76
4570,4.57
4233,5.04
1155,5.52
733,5.49
1311,7.12
108,5.62
3504,5.54
1718,5.67
4810,5.34
725,7.85
3156,5.75
3385,7.28
633,4.74
3382,6.47
2928,3.57
4053,8.14
4429,5.47
2178,8.48
211,6.09
2988,4.71
4593,4.8
2219,4.66
5007,10.57
1906,3.58
2453,5.37
40,6.0
71,2.52
2513,3.04
2283,8.22
3910,7.39
720,8.05
4355,7.64
4288,7.14
4185,5.36
2635,7.58
386,8.03
776,6.52
3398,6.65
2444,6.6
2169,8.0
1009,5.22
2782,4.89
303,5.0
5199,7.85
2656,4.39
2266,9.43
3391,7.82
2529,5.3
1662,6.23
2125,5.9
2160,6.29
3354,8.15
2718,2.3
3413,6.13
2663,7.64
2414,8.6
4903,6.19
2795,3.77
3756,7.89
2164,5.22
1119,5.45
841,8.72
3052,9.07
4471,9.77
1821,8.43
3622,6.62
1161,3.87
1680,7.03
1363,7.7
4218,10.0
5130,7.96
3765,7.49
4895,4.6
2153,2.48
2229,7.21
5125,4.21
877,5.08
4922,3.48
3733,8.24
4204,6.09
5123,5.05
4076,6.48
1677,4.43
4016,6.26
4491,7.71
808,6.46
4310,4.68
2699,11.05
2632,6.11
1674,7.57
3569,6.56
1496,7.84
694,6.56
2882,6.33
299,6.35
4222,5.3
4293,3.7
2362,7.17
2123,5.68
5137,3.9
3501,5.07
4872,4.74
1521,9.2
1037,4.3
4282,4.43
1218,7.12
3425,4.94
715,9.09
498,4.3
3839,6.62
3094,6.37
458,5.01
4269,7.89
1636,3.19
1194,7.16
1276,2.37
971,5.19
178,8.77
3311,5.48
3322,3.22
4964,5.0
3164,5.46
2600,3.49
1058,7.09
1244,8.7
59,7.96
221,3.59
2209,8.1
3497,5.07
1378,7.41
1515,4.39
454,8.72
740,3.96
3880,8.7
1335,8.64
3054,9.77
2915,6.68
1675,4.84
2404,4.77
522,5.92
1016,5.24
1954,5.58
3060,7.05
4683,5.74
1034,5.28
4846,4.48
3376,6.05
868,6.6
1919,6.52
3522,10.71
3877,7.41
1546,6.56
4795,6.35
658,4.29
4230,3.55
3802,5.59
1869,11.1
3849,5.59
355,4.03
3306,6.1
1146,7.52
2716,3.77
416,7.52
780,6.6
118,6.84
1130,2.89
992,7.73
2402,7.89
1968,6.02
4850,8.82
1076,4.77
273,3.59
3736,5.05
1411,6.61
1217,8.49
2367,6.82
1049,5.8
4998,6.77
2665,7.03
1069,7.46
3191,6.62
3451,7.1
556,5.29
3590,5.74
140,8.81
2567,5.39
35,8.59
471,4.32
67,5.92
2126,6.66
1756,9.05
4950,9.3
1352,5.22
2275,5.59
675,9.11
3135,7.96
1291,8.33
4101,5.32
4884,8.34
1284,7.0
1681,10.37
2835,3.89
2946,7.35
3826,7.05
4357,2.77
813,5.4
2680,6.5
4410,3.05
1364,8.7
3343,6.67
3986,6.74
1173,6.0
1747,3.19
1833,9.92
1348,4.85
3602,4.89
4460,6.73
136,10.49
2809,6.94
2358,4.28
4196,6.21
3007,7.8
4426,3.87
3944,5.1
482,4.7
1302,8.89
4734,4.0
1808,8.72
5009,6.16
3180,8.41
489,8.16
2494,7.26
722,6.73
2106,4.7
2572,7.55
1836,4.77
4235,7.01
2050,5.74
382,5.79
1897,8.35
3891,10.2
3240,9.34
215,7.28
989,8.96
4435,7.12
4954,6.96
1019,7.64
131,6.54
5159,7.49
4981,5.15
2061,8.92
2622,6.14
4324,3.49
476,5.4
4489,2.66
684,6.52
4207,7.61
2557,5.27
3452,10.52
1846,7.64
1669,8.42
990,4.48
1527,4.0
4374,7.82
5172,6.84
1425,6.21
3028,6.08
1254,4.8
232,5.03
1490,4.66
4451,7.15
3057,4.72
4594,7.42
930,6.02
4990,6.96
2119,6.89
69,4.04
3390,7.7
1561,3.02
4697,7.09
779,5.52
1940,8.41
288,5.6
1570,6.71
5055,2.22
3743,2.96
4712,6.72
4305,7.21
2040,8.43
701,6.44
1523,7.59
2911,6.29
3118,6.3
306,5.4
1866,6.57
1429,5.48
3964,3.48
3313,7.19
3384,4.36
4456,10.0
3205,3.37
241,6.17
804,7.15
544,4.76
4147,8.3
1688,5.39
5117,4.96
5121,5.88
3029,6.48
3002,5.06
3677,9.54
963,4.82
848,7.1
814,4.26
205,6.82
3748,7.82
785,5.7
3961,6.32
1531,9.7
649,5.31
4943,4.54
1965,8.0
3905,3.3
428,2.92
4154,7.37
900,6.0
4389,4.21
1817,8.2
397,5.44
4249,8.85
568,6.57
4226,5.99
3226,7.64
1067,5.17
5028,8.19
4580,6.85
3617,11.68
614,3.41
734,7.77
1696,7.28
2844,7.2
5135,9.27
4376,10.59
695,10.52
474,8.77
1922,8.43
3275,5.95
1296,7.26
4708,4.74
3761,8.0
3111,6.04
626,11.35
3018,6.8
1656,7.3
508,7.0
4546,6.0
4635,10.0
2765,5.47
2499,8.64
4149,2.17
4894,6.1
2769,9.74
1966,6.46
3610,2.72
2729,5.0
495,7.57
786,8.25
2861,3.86
3814,9.7
194,2.92
257,7.28
2825,8.99
1468,7.8
1114,9.04
3172,3.92
693,5.57
158,5.67
751,10.96
3669,8.22
23,8.05
1355,5.28
2053,6.1
2363,4.66
1613,8.05
1511,5.3
974,6.47
1265,6.85
2317,6.23
4768,7.0
499,8.7
5062,7.52
3635,7.19
111,6.72
1564,3.28
5086,6.68
370,3.1
1589,10.23
1330,3.32
50,6.55
253,4.57
755,6.0
1519,5.46
4887,3.14
5182,2.0
3664,6.41
4083,8.05
5150,5.84
2772,7.43
2827,3.28
2722,5.73
4373,6.98
2618,3.72
955,6.87
3614,5.94
4238,8.48
2027,5.56
4931,4.7
4496,8.6
3146,5.7
2881,7.13
3682,6.19
5044,3.66
3566,4.82
3380,6.04
2357,10.72
2223,5.92
30,8.15
2409,8.52
1293,5.82
4424,6.55
2432,4.1
185,3.72
2785,7.08
3370,3.71
4836,4.94
911,7.6
2068,5.36
2013,4.88
3417,7.05
3217,9.22
3952,8.29
2597,8.48
5129,6.8
855,7.3
1548,4.72
2103,5.3
3383,4.92
4339,4.17
3394,5.86
523,7.28
1710,5.04
2760,4.24
4632,5.09
1060,9.89
2420,4.72
3770,7.7
2047,6.77
4210,5.74
4786,7.6
1027,7.26
1379,5.48
5124,4.11
2595,8.7
3395,6.57
3928,5.13
3746,5.28
4557,7.05
2921,5.81
3995,3.47
3308,5.6
4819,7.4
4741,4.77
2751,4.12
1751,4.1
1790,9.7
16,8.85
3461,5.7
1120,9.22
677,7.32
2768,5.22
3123,7.1
2268,6.02
2923,9.49
4391,8.96
4941,5.07
1252,8.54
3292,6.43
2771,7.05
4705,4.59
3835,7.37
1805,5.41
3073,9.29
2575,2.27
2062,8.74
2016,2.77
4692,4.82
4162,6.11
3078,5.39
621,7.44
4729,3.8
36,4.52
1134,2.62
79,5.87
2340,3.67
5017,4.15
4199,6.79
1054,7.17
3620,7.32
2471,5.77
3867,2.16
3495,7.46
2146,7.17
1481,4.27
2001,5.45
676,3.03
398,4.0
4027,6.43
2269,4.19
4280,6.14
1398,5.48
2896,7.61
2903,7.24
4480,6.3
5083,6.19
1457,8.74
201,6.49
1595,5.08
5046,8.07
4870,8.17
3846,8.0
4247,6.0
2157,4.62
373,4.6
2501,5.52
3194,8.7
3641,4.76
2350,4.93
4092,3.49
1456,4.62
1715,3.86
4044,6.43
3319,4.68
2601,6.31
4313,8.6
2429,3.31
5084,6.38
4302,4.29
3041,8.47
4587,7.78
3219,3.37
1549,9.21
1933,4.89
4130,7.61
255,5.74
1597,4.37
2262,5.26
717,2.86
4276,4.43
4915,5.92
3358,7.07
4252,9.7
1455,7.41
1271,6.71
2559,5.01
3031,5.85
3648,7.09
1088,4.94
1080,7.72
1909,6.66
3218,6.49
4409,2.92
4091,7.77
5238,4.77
2940,5.48
3468,6.22
2495,5.57
3168,8.29
1563,5.24
3387,7.68
2476,8.22
4407,5.33
3544,3.6
2470,5.01
3257,7.77
4073,8.42
2732,3.72
1362,5.15
903,6.18
2924,4.85
3265,6.58
5183,9.27
1704,7.13
2936,3.57
3293,3.05
2723,8.52
4876,7.15
4805,5.06
2977,5.31
4791,8.92
3437,7.14
5201,6.3
149,6.59
1670,5.0
4100,4.54
4116,5.87
4700,8.01
2541,3.57
5177,4.23
869,7.06
4762,6.12
2855,9.51
4703,8.64
3493,5.59
2639,6.64
1201,4.55
1910,8.1
244,4.86
1057,4.14
2824,2.3
3797,8.66
3533,6.72
4782,3.33
2688,8.19
4828,5.48
24,8.59
1183,4.92
2248,4.9
665,4.67
1550,5.49
277,7.19
1461,5.74
3153,7.06
2660,4.08
2526,4.82
1784,6.69
8,4.15
1689,7.96
1128,10.72
1998,8.2
2514,9.32
5144,7.17
1802,5.29
3174,10.0
427,8.62
4502,6.22
4718,7.07
2091,3.82
1620,3.65
3723,6.57
3894,5.8
4727,6.96
3400,6.2
38,8.44
2395,5.7
3457,7.35
917,11.3
5052,6.92
4473,4.65
3837,4.94
1509,8.64
2544,6.2
2537,3.77
2478,2.89
4455,5.09
4588,7.59
220,7.64
3214,6.27
2676,9.7
1131,5.52
3605,9.51
2194,4.43
945,9.12
710,7.09
902,6.73
4180,3.96
1741,4.38
741,4.07
4464,6.89
312,7.13
5010,8.05
949,5.87
2834,3.3
1396,7.7
2400,4.68
1039,6.07
1177,4.05
668,4.43
2063,6.35
4923,5.23
227,10.1
4813,7.68
1693,5.35
5132,3.25
3117,6.1
1357,3.74
3103,6.12
4672,10.06
2479,6.53
210,2.7
3780,7.52
4750,9.54
4146,8.3
3980,7.24
2775,4.85
5161,5.29
1517,4.6
4650,2.67
2374,7.66
3988,6.0
553,6.47
5049,11.3
4513,5.62
2030,5.4
606,3.93
5027,3.61
4848,3.8
4074,7.15
4413,6.8
4035,7.28
2740,10.3
4189,5.89
3287,4.66
2986,7.19
4272,9.05
3657,8.34
4065,7.96
5235,3.72
4387,4.66
870,2.64
4051,5.52
3416,4.24
1270,7.99
4804,7.21
4089,9.09
2550,6.52
3113,2.68
1752,8.15
2543,7.19
3051,6.82
4771,7.56
4640,6.57
4263,6.06
2183,9.0
2616,4.82
2410,6.03
3906,7.1
1732,3.77
4234,5.24
4161,4.15
4647,8.7
793,5.0
2524,3.8
1227,6.79
2704,6.53
2996,5.52
2678,4.77
4859,7.29
2172,4.04
293,4.38
169,5.37
4418,7.92
1211,9.1
313,7.92
4110,6.96
1033,5.62
275,7.4
2307,5.4
3317,4.09
1850,3.62
3131,5.71
2748,6.46
1234,9.14
2417,3.98
3004,5.96
3444,6.5
441,4.15
4427,5.08
3183,6.06
5213,8.89
1442,3.32
4176,6.7
959,7.06
2637,4.31
543,6.15
70,4.48
2693,7.34
4404,6.8
4237,5.94
1385,5.17
3621,7.8
1815,4.89
2460,8.28
4229,6.89
4670,4.52
3429,4.1
1883,4.62
4575,8.38
5104,7.74
4037,7.46
4174,6.26
4393,7.38
4832,3.0
2272,4.11
2032,4.26
2214,5.7
3851,7.03
1471,5.46
1314,7.17
4128,6.47
159,6.57
1238,2.55
2451,6.22
1258,5.74
196,8.3
941,4.44
975,6.3
1911,8.61
1567,8.38
3038,6.24
4415,7.41
3676,8.52
1967,5.96
4365,5.89
4523,2.82
708,6.05
3010,6.31
3551,9.22
713,7.96
2004,3.07
2206,8.7
1733,6.59
2132,3.81
1769,3.4
2332,9.22
280,4.89
3418,10.0
1394,2.72
2610,6.87
632,8.7
97,6.15
1485,6.1
3599,5.1
4911,6.5
3143,6.32
436,5.04
1780,7.4
224,6.0
4135,6.1
2805,7.12
2352,4.92
2498,9.09
4056,8.7
1580,8.4
2394,8.26
4919,6.71
1147,5.89
1337,6.02
1174,3.5
2859,4.45
3091,3.22
3582,8.57
4022,10.0
671,9.0
3751,6.48
2992,3.33
3563,10.55
3763,6.12
2418,3.89
3442,6.6
2333,9.35
2261,5.44
3220,6.78
857,4.31
3286,4.78
3141,6.7
2985,2.47
3372,5.08
3453,4.69
3142,5.06
5118,9.46
4863,4.68
4142,4.77
53,8.32
2456,8.66
4980,7.7
2227,5.06
4419,5.85
1098,4.85
4939,6.32
2884,8.89
392,5.7
3270,3.14
2065,8.32
3386,10.1
2822,10.0
1562,8.05
1434,6.09
1594,6.11
2251,4.15
3672,7.96
117,7.46
4462,7.42
180,6.44
2425,5.57
4157,3.39
1682,5.62
611,7.17
3806,4.84
5217,11.2
4525,6.73
2989,9.19
2711,10.51
4236,4.28
171,4.7
1315,4.1
1426,3.84
1359,10.44
3256,7.77
148,6.32
1222,7.39
3578,9.0
3674,4.74
4488,6.66
3679,4.77
3447,7.48
5205,9.27
1180,6.87
2589,6.73
904,5.24
3809,6.51
4654,6.78
2539,7.36
4888,7.66
4536,5.0
2361,4.89
55,6.88
2937,7.26
1573,4.3
2814,9.2
2538,6.89
4722,7.13
2277,11.35
2295,4.68
4353,6.28
4753,6.74
656,6.29
1052,3.92
4122,8.4
4246,8.87
1684,3.7
2951,6.82
2664,2.82
1278,4.96
4239,10.62
179,2.89
3260,7.52
2098,6.19
3936,4.08
4071,4.71
4639,6.23
4977,6.55
4127,4.3
5138,7.85
3730,11.82
4958,4.74
2875,8.85
2938,7.28
704,4.89
545,6.74
4800,9.7
2818,6.29
376,5.77
2976,4.84
1506,7.96
4790,5.4
3462,11.26
2819,9.7
3951,7.17
559,8.0
3440,6.97
2389,4.8
62,7.9
1003,2.84
3994,7.85
3898,4.35
297,7.85
1249,7.62
3469,4.13
1716,9.1
2892,7.72
4543,5.07
4959,8.0
3852,8.39
5079,5.7
4484,6.0
481,4.43
3713,4.39
1397,11.52
3346,6.92
2842,8.77
3013,5.05
3977,8.11
1346,8.21
1353,9.47
4925,6.47
1611,8.27
3841,5.21
853,3.0
4972,6.69
1610,7.15
2661,10.3
4636,6.92
4082,5.77
51,6.57
1651,4.72
2800,4.33
1639,9.3
3167,6.09
1835,8.7
849,4.89
4611,10.3
1439,8.0
1381,9.08
5133,6.54
3008,10.18
453,7.48
5045,6.49
3799,7.07
0,6.16
4629,7.96
3665,7.38
3585,5.3
4577,5.99
4955,3.42
1032,6.1
2131,6.43
1339,5.44
188,8.11
4699,7.49
3886,5.34
542,6.46
2692,6.9
1356,4.92
3080,4.79
1541,2.46
2512,7.0
1905,5.24
3410,6.85
1204,6.36
4001,9.52
1949,6.4
4375,6.22
2487,7.19
812,7.17
1420,9.03
2588,4.85
4292,3.22
1115,7.7
1388,4.55
191,5.4
3864,4.37
2686,5.59
2560,5.7
1332,5.4
2459,6.66
2447,3.37
563,6.86
4633,7.86
4776,7.15
4671,8.96
4731,5.57
403,9.0
1960,4.22
4748,6.62
3467,6.46
3150,5.64
2790,7.85
4837,4.82
985,4.16
2735,4.52
2633,7.85
3870,5.59
5197,7.96
5244,7.32
3955,2.37
447,8.28
662,8.22
3853,7.92
2185,7.35
3332,8.1
1560,5.82
4840,5.15
1121,5.54
2066,8.22
83,5.19
4875,5.8
76,3.59
3927,8.89
3289,5.82
2713,6.47
3255,7.03
2990,5.21
1322,3.73
4086,7.8
3974,5.46
3914,3.29
3921,6.03
1990,2.41
2707,6.17
2697,4.82
1958,7.09
1538,3.51
537,7.3
1247,6.99
229,5.32
518,7.6
1189,3.76
1327,7.59
1622,8.4
412,3.31
2368,4.66
3178,4.55
3412,5.89
4078,9.82
2312,4.6
1360,5.23
2617,2.98
2555,3.66
3108,8.77
914,7.07
5011,5.82
4094,6.24
2659,6.32
485,5.3
2434,10.17
864,5.72
3652,6.73
1149,6.82
3032,4.42
2747,8.22
1430,7.6
1657,3.42
2210,6.4
3245,4.42
5119,9.28
648,3.3
1349,6.48
640,2.82
4177,10.32
2887,5.4
2323,6.92
372,8.4
3114,6.7
3576,9.1
342,8.8
4873,4.29
4483,4.55
3858,6.37
2095,7.42
3512,7.24
3552,5.67
1742,7.72
2299,3.77
2180,4.17
4747,2.96
1479,5.66
25,7.68
1788,4.15
1794,9.54
3025,8.49
3866,4.15
2165,8.6
659,8.48
3105,5.82
4382,4.3
4341,4.7
830,5.4
1925,5.85
1344,4.48
2308,7.27
3244,7.77
174,6.7
1842,5.51
2144,5.05
4250,4.25
3341,8.22
2980,3.16
2348,10.7
3399,5.68
3482,8.25
3827,6.45
3700,7.29
4857,8.1
1264,6.09
435,4.92
151,7.0
22,9.4
2354,9.88
3378,9.11
1860,9.14
4477,6.25
1064,6.74
678,3.48
4058,7.22
2763,6.6
1415,6.59
408,7.05
943,7.62
1638,4.55
1148,7.03
4552,3.68
561,3.86
4069,3.51
1947,11.3
2031,2.07
3509,6.68
3269,8.4
3919,5.39
2552,4.18
1138,3.38
5164,3.95
2797,7.02
3043,3.98
2028,8.0
2877,4.41
1759,8.15
2542,11.3
3096,8.4
2207,11.29
2287,3.16
1213,5.57
834,4.55
1666,6.35
3282,7.84
282,2.92
3902,2.85
5110,6.9
3875,9.59
381,7.46
1537,7.64
3546,7.55
3819,4.6
1007,3.0
2259,7.48
4212,6.36
5151,5.48
3361,7.28
3494,6.52
2808,2.22
1655,8.38
4559,5.21
2051,8.96
4667,10.3
3458,9.5
2276,6.59
1384,6.21
4533,5.85
1403,5.11
1936,3.9
2309,5.46
3092,5.2
3562,6.17
4277,6.2
4367,3.21
797,9.3
4219,6.31
1451,10.24
5103,4.17
1036,6.82
2198,7.42
302,7.66
4337,7.68
3670,6.52
3201,7.78
4721,7.95
3708,6.91
4478,6.11
1219,3.92
1142,4.0
3121,4.39
1591,6.83
947,4.12
144,7.17
3379,7.74
4175,5.05
2292,5.0
226,8.22
462,7.15
3280,3.4
290,9.89
3125,9.64
93,5.15
2908,5.05
2427,7.82
317,5.85
2652,9.85
603,2.3
4064,8.0
3813,4.06
4788,7.94
3916,10.19
3893,4.8
4383,8.85
334,9.52
4694,9.85
2250,7.77
3801,4.13
3407,7.34
3231,3.58
552,7.68
2117,4.2
4554,4.15
3087,6.55
1345,4.3
3297,8.0
2517,8.7
2862,5.0
558,7.32
5068,7.25
327,7.38
1585,5.68
3737,7.27
2602,9.22
1447,6.4
2728,3.77
1199,8.82
1269,6.46
3820,7.46
3337,4.49
1389,7.38
2756,10.8
2435,9.0
3502,8.94
882,6.84
3102,4.24
2208,4.49
1770,5.34
3147,6.84
2390,6.98
2483,8.05
4932,6.8
2101,3.0
4584,7.6
4301,5.5
2725,3.05
1232,7.22
666,8.3
3600,4.67
4431,5.68
4702,9.4
770,6.09
374,7.22
2239,7.14
2981,7.26
1955,9.3
1289,4.66
5094,8.1
5078,3.9
2615,7.72
4244,8.4
170,5.18
2897,3.3
2079,8.62
4486,3.08
2201,6.79
394,6.79
3613,8.28
3083,8.19
2230,5.82
3543,4.66
3549,6.32
1619,9.85
3691,5.48
5085,5.82
2581,3.91
2440,4.1
2854,6.61
1634,5.3
254,8.14
1504,7.66
2075,3.96
3363,5.89
2927,5.72
3810,4.43
2554,4.64
4438,6.0
5157,6.6
2303,5.96
655,8.24
2484,7.41
1154,6.66
314,5.21
459,6.55
295,9.41
3659,6.72
2738,6.56
1004,5.19
3472,2.92
27,4.92
123,10.29
3127,3.59
2876,7.66
2133,2.19
4043,6.82
1743,10.05
765,6.0
5041,2.31
5180,9.04
1024,6.49
3786,7.33
1937,7.68
2856,7.85
3137,9.15
4159,6.4
3267,8.14
1864,8.52
3508,7.04
4686,6.22
4578,6.59
1005,3.04
1277,6.34
4522,5.7
1503,8.24
4861,6.42
455,5.57
5158,8.89
187,6.64
2019,8.44
5047,9.52
629,11.15
3518,4.64
4962,7.71
3732,6.52
5064,5.21
431,7.5
521,7.73
4815,6.18
3626,4.96
2179,10.48
4466,2.35
873,5.92
2649,8.0
2957,7.4
5230,7.7
3812,9.64
898,10.92
2900,5.22
4354,8.15
3649,6.66
4597,8.52
3047,9.04
5095,4.2
1800,7.68
4833,3.47
1881,10.8
2288,3.15
2244,4.44
3364,4.26
1935,6.55
1275,6.17
1030,10.4
504,4.95
3430,4.85
230,9.49
696,6.64
3352,7.12
2626,6.7
1664,4.69
4623,7.22
1195,5.46
3151,5.0
2161,6.0
139,6.49
3703,6.52
1413,4.82
2285,6.06
4514,6.15
630,8.89
4777,7.08
858,3.61
262,8.6
29,7.05
1184,9.3
3485,9.96
2902,8.3
4676,7.14
2070,6.7
670,4.85
47,7.85
4710,5.1
4524,3.86
921,5.62
1391,3.6
4638,4.51
1624,5.51
4286,8.09
3696,6.75
2609,7.8
3704,3.04
3171,8.52
912,4.48
4262,4.08
2237,4.3
2081,3.33
2413,5.51
2869,6.39
2638,4.82
899,6.4
1313,7.25
3158,6.63
1246,5.71
3589,5.15
2474,7.22
2,4.22
5112,6.63
1844,6.22
4167,3.4
1109,6.05
1493,6.2
4967,7.7
915,6.36
4010,3.8
4589,9.28
2658,7.7
5187,3.59
2535,3.64
3940,7.68
329,6.63
1705,7.11
1156,8.7
2036,8.15
3971,6.41
1297,4.31
4965,5.23
1822,7.0
5231,4.68
3889,4.77
3176,6.74
2731,6.2
1467,9.3
2944,6.4
2508,7.46
3122,9.82
4279,6.77
806,9.42
4038,8.0
4618,10.62
1021,6.62
3434,6.81
3567,8.7
724,8.09
2653,3.6
1048,7.26
969,8.52
4364,4.48
4403,3.74
197,7.02
977,8.54
4595,6.62
4330,8.34
3693,8.28
1706,7.85
1923,4.1
2590,4.77
3263,6.1
783,6.06
4634,7.09
1026,8.65
2671,8.9
4114,9.0
1181,7.0
167,4.48
2573,5.39
4007,8.7
880,2.14
885,9.0
2935,3.32
532,8.22
1045,6.35
4087,4.82
978,6.89
2141,4.94
2077,5.15
264,7.42
4059,7.7
2792,6.28
1418,5.19
4806,4.81
4497,7.55
3792,3.55
375,6.92
787,5.39
895,2.59
766,2.92
2072,6.03
3068,4.92
2315,2.16
3787,5.33
4017,3.66
3411,8.0
4425,3.3
1328,4.1
3101,6.02
89,4.85
789,4.96
1962,7.89
1386,4.92
4046,8.58
1017,4.83
281,5.51
2532,8.32
4273,6.4
3199,7.11
3254,6.0
2167,8.4
4362,8.37
1893,5.66
2337,4.25
3680,7.81
3175,3.31
2313,3.52
5109,6.04
4949,3.42
2082,7.47
1444,2.53
2220,7.46
4055,4.79
5039,5.82
2154,7.82
5037,5.02
4099,6.12
2156,5.04
3850,8.96
3016,6.04
3984,5.35
4714,5.76
5196,4.62
300,5.47
100,2.96
5014,6.03
2773,3.64
4107,7.8
3568,7.05
4469,5.35
5154,6.86
2758,8.26
2383,8.05
2628,8.52
3752,8.7
1354,8.72
4178,6.08
2100,2.12
2252,6.12
3903,5.54
2341,6.52
4081,8.7
4501,5.8
4309,10.52
44,4.11
4108,6.16
2912,6.72
3202,4.38
4801,7.36
4716,5.66
1902,6.77
1062,9.1
4006,10.85
2496,5.79
1139,8.7
5018,8.37
4002,4.51
3536,5.3
4487,2.36
319,4.51
3009,7.31
2614,6.89
997,2.96
4564,8.8
2473,7.8
1329,7.0
4567,3.74
2629,8.7
3272,7.22
4258,3.68
892,9.13
1963,8.3
345,7.55
2540,7.77
3325,8.57
4881,5.44
1543,7.45
3246,7.96
2159,4.72
2679,2.98
3216,7.42
3454,5.6
639,6.72
918,8.02
1986,9.39
4198,7.38
4829,6.59
4767,5.17
3489,6.4
1350,8.83
879,4.25
3264,7.44
3942,3.9
2000,7.15
2147,8.52
1373,3.43
347,4.59
1793,11.7
2599,6.87
5193,7.38
4181,7.11
509,7.24
3768,8.05
1241,11.26
4811,6.68
3070,5.22
4166,6.87
124,4.22
2972,8.68
933,8.14
1090,7.06
496,7.85
4548,6.74
3196,7.48
1997,6.22
2071,10.1
824,4.2
1879,4.37
4701,8.4
5194,4.72
88,7.59
1753,8.4
3618,7.64
2899,7.0
2242,6.74
2300,4.89
541,6.15
3326,6.38
774,7.64
2321,2.74
2893,6.4
2099,8.92
5097,6.87
3805,5.1
4792,5.24
1720,3.15
2867,9.0
2969,5.75
1250,10.7
3236,4.4
3300,4.25
2152,7.41
4498,6.07
4240,6.54
134,9.59
175,7.19
4979,7.8
1590,4.91
3315,4.97
1390,6.39
2647,7.03
502,3.66
2094,5.96
18,5.66
4104,6.56
3069,2.34
2139,6.92
2236,8.82
1086,4.96
102,8.15
4715,7.78
3228,7.59
2945,6.55
3277,6.59
479,7.72
582,6.3
4539,4.96
3883,9.23
190,7.79
3793,8.7
1412,8.19
5100,8.57
3685,5.74
3654,7.11
1673,6.1
1596,5.36
784,9.95
1859,7.55
4871,4.11
513,5.18
4928,8.7
2920,8.52
2118,9.32
5191,5.48
2006,10.78
2591,4.19
828,6.1
80,4.0
1985,8.55
4851,6.85
714,4.77
2304,6.14
488,4.17
2975,7.05
795,7.43
128,5.27
3776,3.87
742,6.54
3036,6.43
4655,4.77
1572,4.89
5176,4.07
2044,6.67
2184,4.03
3487,5.92
31,5.8
2253,5.62
2868,4.34
72,4.88
1526,8.17
3291,8.38
3766,4.21
4024,5.37
4111,4.41
4988,6.54
3338,10.49
3261,7.4
1612,3.59
2536,7.44
4527,4.13
3712,3.35
3298,6.7
2008,5.15
534,2.92
359,6.19
3718,4.75
4924,6.28
846,8.74
4929,6.8
5050,5.96
64,4.29
1865,4.34
2955,4.28
5174,9.96
2565,4.65
4400,8.6
1648,8.41
4453,3.88
4628,2.75
2958,9.15
1778,8.02
4311,5.27
3099,7.7
2523,6.21
4626,2.31
4963,4.33
1649,6.01
4117,7.74
2442,4.46
2192,8.52
2138,3.9
4540,5.66
2301,7.07
2375,4.37
404,6.07
4011,4.03
2515,3.68
4060,10.55
1463,8.1
4739,5.85
4062,4.74
2048,5.24
4321,7.0
3027,11.92
2445,5.95
4369,5.09
260,3.67
1514,9.28
1083,7.47
3350,4.05
438,9.44
2364,6.82
1124,5.41
4372,2.89
5147,7.8
4509,4.17
3698,8.47
706,5.7
5173,8.82
4893,6.68
4348,5.8
5184,5.14
120,6.89
4144,9.3
2405,5.28
2583,5.62
3368,5.97
125,7.21
2078,5.77
2281,7.68
173,4.12
279,2.26
4507,6.41
823,7.8
4772,10.0
4646,6.41
689,6.49
3862,6.05
4745,2.97
1236,5.74
5012,9.85
3124,3.72
5195,8.7
4021,4.22
5189,9.8
1440,5.39
952,3.99
983,7.32
14,5.43
2655,5.68
1022,8.69
1170,6.97
4825,3.04
4500,5.49
4121,5.54
1324,3.24
2757,7.38
3035,6.4
4428,8.92
5198,3.52
1726,5.31
1198,6.12
4913,7.82
3653,3.57
1974,3.76
287,4.85
1553,8.89
1628,2.52
4474,6.27
4897,9.72
4610,6.45
889,6.92
2296,7.02
1929,4.07
439,5.85
1801,6.51
4608,4.53
2905,5.58
2322,5.47
400,6.47
1571,7.06
781,2.28
3499,8.3
3754,6.27
4842,3.94
54,7.51
4271,5.17
2372,6.22
3207,5.14
1462,5.7
3304,7.15
3609,2.23
3559,6.82
4351,3.55
2412,5.49
3339,7.32
2698,5.62
1719,3.48
4439,9.27
3290,6.42
3089,4.74
4444,6.54
497,4.7
5015,2.17
958,6.85
4992,4.2
74,6.03
3334,5.26
1994,6.1
4150,8.01
1273,6.8
2175,8.4
1672,8.96
2954,6.95
2306,5.12
3093,6.64
698,5.85
66,4.8
1932,5.0
4155,7.23
3149,6.43
484,8.7
429,9.64
1551,10.74
718,3.01
3478,5.79
1702,7.85
1321,9.05
2080,5.54
3550,3.52
3990,7.77
1094,7.99
186,5.6
994,6.7
3215,9.05
2695,6.57
353,8.04
926,3.57
2963,6.1
1566,7.38
4457,6.57
315,5.74
5098,6.3
5029,7.57
3992,5.46
4379,4.71
3899,4.16
401,10.05
3224,7.05
2880,9.3
4066,7.46
4296,5.85
2311,6.11
2271,9.82
2708,7.76
2149,2.6
970,4.52
5206,7.74
5026,4.7
2438,11.0
3966,4.85
1011,9.22
1983,6.34
5243,7.76
3856,7.94
4183,5.82
1248,2.51
5237,6.22
4780,4.74
4624,4.5
1498,6.65
5226,6.54
2503,3.55
3003,9.34
3735,7.92
1811,5.1
1755,8.32
2994,6.18
3107,10.59
940,5.96
4213,6.55
5022,8.12
352,6.85
164,7.13
764,7.51
396,4.07
331,6.52
1943,9.68
1709,5.54
43,7.07
2802,3.8
4796,5.64
445,6.19
5140,2.62
4900,3.82
747,2.22
775,3.84
999,2.47
3753,5.86
1899,4.87
1079,7.13
962,8.57
1782,9.1
2901,6.3
4535,6.74
549,7.46
863,7.92
867,8.72
3577,7.66
1602,3.1
1725,6.85
5160,5.67
3694,9.6
4945,8.77
1789,4.26
3661,9.4
3873,6.35
3159,9.13
1979,2.69
2700,9.7
402,9.1
3915,7.35
4158,5.64
2353,2.23
4609,6.83
2247,4.71
3865,6.72
2243,2.44
2674,7.92
1896,5.96
3760,10.35
4120,6.12
1676,8.64
4492,8.14
1795,7.92
5156,7.8
3933,3.63
1913,8.35
2669,4.82
2666,4.85
4368,2.1
1663,7.2
2654,10.52
338,10.82
4485,5.68
3486,3.0
1853,4.89
2953,7.52
4898,7.37
5048,4.43
2240,8.0
228,8.09
4603,6.31
3630,7.62
851,7.99
4290,5.13
110,7.7
4630,5.92
3949,6.17
2916,9.44
1544,8.25
3066,8.24
599,9.76
5234,6.49
4511,6.92
2631,11.24
1554,6.22
3353,6.42
2939,7.52
2608,5.17
336,7.37
1266,2.3
2381,3.03
691,7.15
73,5.44
2767,5.54
1240,9.55
1151,5.67
5212,4.44
437,7.63
4221,4.24
5139,6.03
2489,9.92
2189,8.1
4814,6.66
637,8.7
3126,6.46
4975,7.82
2320,3.34
2571,5.66
887,6.92
3446,8.4
661,7.75
1714,5.51
854,7.27
3229,5.02
674,4.32
452,5.24
2093,7.89
4645,4.22
4798,6.36
2592,7.17
160,2.76
3222,6.17
1661,3.85
663,7.22
3115,9.28
4779,7.28
3939,6.77
3612,4.86
153,5.54
4996,6.54
2682,4.54
4843,4.76
4170,7.4
1976,2.3
3580,5.71
3744,8.21
3463,7.33
5038,4.49
2270,5.52
2890,8.1
4901,5.89
2942,7.4
5228,5.7
2331,3.15
654,8.96
1395,4.35
732,4.46
2391,9.1
3421,5.97
1422,6.25
2839,7.25
4737,5.64
1253,6.0
1257,5.68
155,5.59
3710,7.89
4590,3.38
3881,7.12
1852,5.7
3943,8.46
4985,4.96
4993,6.25
1928,8.89
5141,2.6
1176,4.62
2226,6.7
4966,3.17
2380,5.0
3938,8.4
2605,10.0
1917,2.48
2898,7.25
4356,6.4
4553,8.24
3973,4.43
2598,7.48
932,4.42
1532,8.02
418,9.29
4342,4.6
2386,10.25
2823,4.22
3071,3.55
505,7.17
1783,7.0
1365,7.54
2190,3.57
3163,6.17
1202,5.89
2170,9.07
881,8.96
627,9.08
4839,8.34
3731,4.48
114,3.86
4482,7.55
1113,2.74
1382,3.1
709,6.62
268,5.74
2799,7.73
4821,2.52
894,5.47
4318,7.4
4684,4.27
3496,6.44
3517,4.55
938,7.83
4723,3.43
4151,3.59
4933,5.7
1975,7.64
1565,4.7
2521,5.49
2847,6.69
2370,5.76
4333,6.77
3490,6.35
2918,5.35
922,3.61
2574,7.43
4041,3.89
480,7.55
2076,7.4
739,6.71
1830,10.57
3857,7.32
859,4.69
3403,3.85
2290,3.12
535,3.3
3422,3.08
432,5.51
3779,2.93
195,7.31
5146,6.3
1971,5.05
646,5.35
2783,9.52
2130,3.57
4134,5.87
2064,8.22
20,8.72
2319,7.47
2325,8.57
346,4.15
3388,7.22
2625,4.84
1969,7.3
4528,8.74
1845,6.68
2278,2.47
3534,7.3
5143,6.6
519,2.17
642,3.91
3329,8.72
2569,4.3
1827,8.52
163,5.16
944,6.7
5192,6.17
3195,10.36
285,8.83
101,5.4
3970,6.57
4033,6.32
1892,6.88
1653,7.7
4807,2.38
1129,4.63
2870,6.59
758,5.1
4216,4.0
5210,4.59
4742,6.96
4841,5.33
1891,4.54
491,7.85
3056,8.46
1888,6.86
1964,9.18
1417,11.2
4974,3.27
1280,4.89
1445,7.1
258,5.0
4195,3.47
2909,3.0
1767,7.66
3997,5.07
1383,3.05
686,7.54
3356,6.41
2752,3.3
4579,5.0
166,7.01
3553,4.82
3581,7.72
1374,8.09
1215,7.14
3160,6.15
1107,6.45
1727,8.31
1377,8.36
2023,8.09
3565,11.0
4278,3.8
2346,8.4
3251,4.82
15,7.7
3675,4.44
5165,4.6
2778,7.66
1432,5.15
1938,5.33
3211,6.43
1697,4.25
527,4.82
2950,7.82
4789,9.46
5220,5.37
3772,4.52
1558,6.0
1159,7.22
573,4.05
4910,5.77
4231,7.47
460,6.06
771,8.79
4582,8.15
2668,7.64
1409,7.01
3745,6.34
2987,9.1
4585,7.09
1092,8.0
1175,8.05
1984,4.98
3687,4.82
1608,6.48
796,7.55
3162,5.09
2737,5.22
596,5.52
4946,7.03
3699,7.3
267,6.92
2623,5.0
3075,9.0
4625,4.65
1268,5.54
3591,6.77
2907,5.48
4388,6.37
154,6.05
3006,4.19
2873,6.35
960,5.1
4133,3.69
250,3.52
